Project;ncommits;nauthors;from;to;nstars;nforks;lastGHCommitDate;LongestGapStart;LongestGapEnd;LongestGapLength;NumCommitsAfterLastGap;ActivityPattern;NumberOfGapsInTimeline;BeforeThemes;AfterThemes;HypothesizedGapReason;HasRecovered;WhyRecovered;WhoRecovered;Currentstatus;RecentThemes;Notes
intel-isl_multiobjectiveoptimization;13;7;1548778261;1725305201;1100;173;Sep 2, 2024;2021-05;2024-08;40;1;irregular;3;Other:Bug fixes;End of Project:Other;"Research prototype concluded/publication completed; project archived without ongoing maintenance.";No;N/A;N/A;Inactive;Other:Bug fixes;This repository represents a static academic research artifact that became inactive immediately after its initial release. The gap reflects project completion without ongoing support. It never recovered as the research scope concluded.
nmoehrle_mvs-texturing;331;43;1417558133;1755588760;1100;370;Mar 11, 2026;2023-08;2024-09;14;16;irregular;7;Other:Dependency updates;Documentation updates:Bug fixes;"Stable academic release; core functionality achieved with minimal subsequent bug reporting.";Yes;Addressed residual compiler/build compatibility issues and updated documentation.;Original maintainer/contributors;Inactive;Documentation updates:Bug fixes;An academic 3D texturing tool characterized by long periods of stability interspersed with sparse maintenance. The gap stemmed from feature maturity, and recovery was driven by minor build fixes. It is currently classified as inactive due to lack of recent commits.
coryshain_cdr;12339;252;1358361552;1771079955;42;11;Jan 22, 2025;2013-09;2014-01;5;12315;declining;2;Other:Bug fixes;Bug fixes:Feature development;Active development cycle pause between feature milestones and package updates.;Yes;Continued package development, extending model formulas and feature capabilities.;Original author (Cory Shain);Inactive;Documentation updates:Bug fixes;Demonstrates healthy, continuous open-source patterns with regular feature and dependency cycles. Gaps represent natural development pauses between major modeling updates. Recovery and ongoing activity are driven consistently by the core author.
pangeo-forge_pangeo-forge;3105;73;1595348029;1762191998;134;52;Oct 20,2025;2020-09;2020-09;1;3080;cyclical;2;Other:Dependency updates;Other:Feature development;"Recipe library stabilization phase; maintenance lowered as automated pipelines took over.";Yes;Resumed active feature development and integration support for data recipes.;Community contributors and maintainers;Inactive;Other:Feature development;Exhibits community-driven workflow patterns with intermittent lulls in recipe development. The gap reflects transitional phases in data pipeline architecture. Recovery occurred through active community contributions and package expansion.
climateglobalchange_tempestremap;718;28;1394210419;1771079955;53;30;Aug 30, 2026;2024-06;2025-01;8;14;irregular;6;Feature development:Dependency updates;Other:Feature development;"Core algorithms reached maturity; infrequent updates required for climate modeling tools.";Yes;Added modern build system configuration tweaks and dependency updates.;Scientific software maintainers;Active;Feature development:Bug fixes;Shows classic scientific software development, characterized by long intervals between library updates. The gap corresponds to stable deployment periods in climate applications. Recovery was driven by build system refactoring and dependency maintenance.
miguelinux314_experiment-notebook;4165;23;1585572023;1759541950;8;8;Nov 12, 2025;2022-07;2022-08;2;679;declining;2;Other:Bug fixes;Feature development:Bug fixes;Interim release cycle break during framework update.;Yes;Rolled out version updates (v1.1.3) and expanded external source integrations.;Primary author (miguelinux314);Inactive;Feature development:Bug fixes;Maintains an active development cycle for an experimental framework, with lulls corresponding to major version releases. Recovery phases are marked by structured version bumps and bug fixes driven by the original author.
sjmoran_deeplpf;348;5;1582549772;1706624565;258;30;Sep 16, 2026;2022-07;2023-06;12;4;declining;4;Dependency updates:Documentation updates;Dependency updates:Automated bot contributions;Post-conference code publication gap following CVPR presentation wrap-up.;Yes;Revival via package updates for modern Python versions and PyTorch releases.;Original author (Sean Moran);Active;Dependency updates:Automated bot contributions;A research repository for computer vision that experienced a multi-year hiatus post-conference. It successfully recovered when the author returned to modernize the codebase for newer PyTorch and Python standards.
josiahcarlson_redis-in-action;306;52;1358361552;1739979030;2300;1200;Apr 16, 2026;2019-01;2019-08;8;144;irregular;11;Bug fixes:Other;Dependency updates:Bug fixes;Book example code repo matured with no active text revisions required.;Yes;Automated dependency updates via Dependabot and community-driven errata fixes.;Original author and bot maintainers;Inactive;Dependency updates:Bug fixes;Book example repository with steady automated upkeep and sporadic community bug fixes. Long gaps are normal since the underlying book text is static. Recovery and activity are sustained via Dependabot and minor errata updates.
lvrcek_gnnome-assembly;377;6;1607052950;1731847672;72;10;Nov 17, 2024;2022-07;2024-10;28;2;rising;1;Documentation updates:Other;Documentation updates:Other;Post-publication hiatus after releasing initial preprint code and baseline models.;Yes;Updated repository documentation and readme files for clarity.;Original author (Lovro Vrček);Inactive;Automated bot contributions:Other;Typical single-author research repository that went quiet after the initial paper release. The gap represents the conclusion of active paper implementation work. Minor documentation tweaks indicate brief administrative check-ins rather than active feature expansion.
rllab-snu_unsupervised-3d-reconstruction;434;6;1548679562;1729731600;46;4;Oct 27, 2025;2022-07;2022-12;6;65;cyclical;3;Other:Other;Other:Other;End of active academic research grant cycle followed by periodic repository housekeeping.;Yes;Automated or periodic administrative touch-ups ('repo updated' / 'test' commits).;Lab administrators (rllab-snu admin);Inactive;Documentation updates:Other;Characterized by robotic administrative commits and file uploads separating long stretches of inactivity. The gap reflects the end of active lab research funding. Periodic automated 'test' and 'repo updated' commits simulate artificial recovery.
