pre;intel-isl_multiobjectiveoptimization;4354ee8709c5f8cff6eb4529cf5cdf69681d5deb;Zeyu <zengzeyu@hotmail.com>;1551844131;"Merge 881de082c8fa1f3cbeca0b1c0a82bd6e538d8a34 into 1c6d0d503ccf33cc83d5b6c356ca2fc2bf255606
"
pre;intel-isl_multiobjectiveoptimization;5ee88e57c162c32bbd4d23e6a7c39be0c753f9ef;Ozan Sener <ozansener@gmail.com>;1581434328;Update train_multi_task.py
pre;intel-isl_multiobjectiveoptimization;5d8e8343c56cf3184081f71cc4a661af64e7cf7e;Ozan Sener <ozansener@gmail.com>;1583317825;"Update train_multi_task.py

There was an unnecessary import stayed there after file re-organization"
pre;intel-isl_multiobjectiveoptimization;31a526ad359e992eac66efd38a2fddd738f25c6e;zeyu <zengzeyu@hotmail.com>;1583488270;"Merge 881de082c8fa1f3cbeca0b1c0a82bd6e538d8a34 into 5d8e8343c56cf3184081f71cc4a661af64e7cf7e
"
pre;intel-isl_multiobjectiveoptimization;f295df07782c6d3e19b78156bd3b12dc8eec2692;Shahnawaz Alam <shahnawaz.alam.dev@gmail.com>;1589948315;"fix dot product for newer version of torch

fix(min_norm_solvers.py): change torch.dot -> torch.mul followed by sum() for Matrix dot product
fix(min_norm_solvers.py): change data[0] to data.cpu()"
pre;intel-isl_multiobjectiveoptimization;0f9472c8b7317b8b955dc88c281fa9c4276a493b;Shahnawaz Alam <shahnawaz.alam.dev@gmail.com>;1589948368;"Merge f295df07782c6d3e19b78156bd3b12dc8eec2692 into 5d8e8343c56cf3184081f71cc4a661af64e7cf7e
"
pre;intel-isl_multiobjectiveoptimization;034c7061f35f862db0220636e9a671efd3ba806c;CYH <1131637423@qq.com>;1617625010;"Add data parallelism support
"
pre;intel-isl_multiobjectiveoptimization;f8235033f67a6b604ac3276bfa685c5c1d653457;CYH <1131637423@qq.com>;1617625897;"Add data parallelism support
"
pre;intel-isl_multiobjectiveoptimization;57874871f5f6f622799aceb2a680e783d6302252;Ozan Sener <ozansener@gmail.com>;1618220905;"Merge pull request #37 from ChengYinghao/work

Work"
pre;intel-isl_multiobjectiveoptimization;d45eb262ec61c0dafecebfb69027ff6de280dbb3;Ozan Sener <ozansener@gmail.com>;1618220950;"Merge pull request #25 from shaanrockz/master

fix dot product for newer version of torch"
post;intel-isl_multiobjectiveoptimization;bf5bbb30371489a47f6440691d8934b70f7dfc3b;Stewart Blacklock <stewart.f.blacklock@intel.com>;1725305201;Archiving Notice
pre;nmoehrle_mvs-texturing;1a8603e7804e679f329885bceeb3bea1d156be02;Nils Moehrle <nmoehrle@users.noreply.github.com>;1648635566;"Merge pull request #192 from lionelbishwash/master

Updated git tag for mapmap"
pre;nmoehrle_mvs-texturing;e9ffeeea0f94e449a26ab06b9bf8346dd0cb9f5d;Philippe Retornaz <philippe@shapescale.com>;1648650284;"Merge 2dec7db272618d1a87ffdc8c0382d59d3fe7ebf3 into 1a8603e7804e679f329885bceeb3bea1d156be02
"
pre;nmoehrle_mvs-texturing;2989bf39173123da8daf49121dd89092d51ff2ac;Nils Moehrle <nmoehrle@users.noreply.github.com>;1648650336;"Merge 1e4432ca5fbb7de99e2ce015983699e2b1da6d2d into 1a8603e7804e679f329885bceeb3bea1d156be02
"
pre;nmoehrle_mvs-texturing;da08d37313da0f10dd8e15e2a155eabf7cc9014c;Oleg Alexandrov <oleg.alexandrov@gmail.com>;1648650416;"Merge bcd0510b4c4f91012ee6eb3877918c575a923972 into 1a8603e7804e679f329885bceeb3bea1d156be02
"
pre;nmoehrle_mvs-texturing;47b3d7b54d986027ada6a7ee222c3e46d12a3474;Alberto Mardegan <mardy@users.sourceforge.net>;1648816622;"Merge c189eaf05e8cac14a2e298d7a1fbe1af15fb7d96 into 1a8603e7804e679f329885bceeb3bea1d156be02
"
pre;nmoehrle_mvs-texturing;b24bccc091f642866bf11a8915ab65fa3281772d;Niklas Hambüchen <mail@nh2.me>;1648816624;"Merge ea20335b4453735119e417f0002faf3a42f1df2c into 1a8603e7804e679f329885bceeb3bea1d156be02
"
pre;nmoehrle_mvs-texturing;c0dd39e2bae5c178c51539f12818a0b8cde9f6f8;Madhav Humagain <scimad2.71@gmail.com>;1673383228;"Merge branch 'nmoehrle:master' into master
"
pre;nmoehrle_mvs-texturing;c3598bf2f6cfaa4a1964be1b6a2259aee5a43a6e;FlorentLM <25004801+FlorentLM@users.noreply.github.com>;1690279487;"oneTBB compatibility
"
pre;nmoehrle_mvs-texturing;2eb293df5fb35c5dfae7e59f74f2108cb9e5316f;FlorentLM <25004801+FlorentLM@users.noreply.github.com>;1690280540;"oneTBB compatibility
"
pre;nmoehrle_mvs-texturing;59f64ab40e89a4fc842a6582dd0c1a5993f37a1d;Flo <25004801+FlorentLM@users.noreply.github.com>;1690380583;"Merge 2eb293df5fb35c5dfae7e59f74f2108cb9e5316f into 1a8603e7804e679f329885bceeb3bea1d156be02
"
post;nmoehrle_mvs-texturing;d995c302e1a2c405498c95384b206e99c0ea19ca;lionlai <lion.lai@homee.ai>;1728895651;"Retain color of unseen faces by skipping the texture_patch in local_seam_leveling
"
post;nmoehrle_mvs-texturing;c388cc4c1757d0e6e3cf7bb12841d954b4a0b7d6;lionlai <lion.lai@homee.ai>;1728899940;"Add HomeeAI_README.md
"
post;nmoehrle_mvs-texturing;66ecf4e46bf35d6da8d9103cef1f2913def641d6;lionlai <lion.lai@homee.ai>;1728967454;"Update HomeeAI_README.md
"
post;nmoehrle_mvs-texturing;7db3805fe755fbc263d6a446c80d03b9443629eb;lionlai <lion.lai@homee.ai>;1728969213;"Update comment
"
post;nmoehrle_mvs-texturing;a922d3be214dfb4b1e3dbdf48366b2dd1c6fb79d;lionlai <lion.lai@homee.ai>;1728969239;"Update HomeeAI_README.md
"
post;nmoehrle_mvs-texturing;eb2f6d77a3b0fe9e2cd80b954a39498e26812ce6;santeriok <santeri.oksanen@gmail.com>;1729008750;"Fix tbb-issues
"
post;nmoehrle_mvs-texturing;cec3715cb014f369f29639a1675ee8b4e7b8dd24;santeriok <santeri.oksanen@gmail.com>;1729009456;"Remove commented line
"
post;nmoehrle_mvs-texturing;2737dfa0bdc04275944176b21d3971db80cf0350;lionlai <lion.lai@homee.ai>;1729071376;"Add argument --color_unseen_faces=192,192,192 so that users can assign color to unseen faces. If users don't want to assign a color, then color of unseen faces are calculated automatically.
"
post;nmoehrle_mvs-texturing;c0dbfc1054c6a73aba6f43c34a10926753e087f4;lionlai <lion.lai@homee.ai>;1729484424;"Update HomeeAI_README.md
"
post;nmoehrle_mvs-texturing;199e37415bc141fe84d9b4f22ad152ab2c7d7374;WillKuo <WillKuo@itri.org.tw>;1737685721;"Fix tbb version issue
"
pre;coryshain_cdr;5ae20bd8e5c56c99dd40b18b9e9228410d30b7b9;ervandew <ervandew@gmail.com>;1367897970;"remove left over %s from python conversion
"
pre;coryshain_cdr;ef4af4a48cb3ae381955c62d2c158286572af21a;terryjbates <terryjbates@gmail.com>;1367942541;"Merge 922a350df4e49b89524c53f3d2ad4d2985bc906e into 5ae20bd8e5c56c99dd40b18b9e9228410d30b7b9
"
pre;coryshain_cdr;53241f981dc812cb071393e54ae4de81d51244c1;Josiah Carlson <josiah.carlson@gmail.com>;1367943104;"Fix for exception during crash recovery
"
pre;coryshain_cdr;ced598f7e1232a8c6d28dc6ec20432eb3cc307cb;James Phillips <slackpad@gmail.com>;1369789280;"Moves line split after None check.
"
pre;coryshain_cdr;4f26c6aef472312acc1f38d4754e3d8dcd42e0d0;James Phillips <slackpad@gmail.com>;1369789427;"Merge ced598f7e1232a8c6d28dc6ec20432eb3cc307cb into 53241f981dc812cb071393e54ae4de81d51244c1
"
pre;coryshain_cdr;7970108f7edd340d0b9fa19e79debf44e97ddc1f;Josiah Carlson <josiah.carlson@gmail.com>;1369811315;"Merge pull request #2 from slackpad/master

Small bugfix to daily_country_aggregate()"
pre;coryshain_cdr;13c2ea3a2a9af1eacc9604d304de5d01ac7778b3;Daniel Sundman <daniel@yds.se>;1375047211;"Sample code node.js, chapter 1.
"
pre;coryshain_cdr;51eb47a355130e9ef2156e4809c1be010e66d0e6;Daniel Sundman <daniel@yds.se>;1375200112;"Don't really need the redis import.
"
pre;coryshain_cdr;66e3654d4082e83265de2c47e407e83c6c8e30b3;Daniel Sundman <daniel.sundman@crisp.se>;1375200128;"Merge 51eb47a355130e9ef2156e4809c1be010e66d0e6 into 7970108f7edd340d0b9fa19e79debf44e97ddc1f
"
pre;coryshain_cdr;31fed8b4570268bf0e3229bff2eec7126edcb2f7;Josiah Carlson <josiah.carlson@gmail.com>;1376880680;"Merge pull request #3 from danielsundman/master

Sample code node.js, chapter 1."
post;coryshain_cdr;703ed40d26dfd2b62f69cd990994c7fc9f1dff62;伊藤 吉弥 <itouyoshiya@iruo.local>;1392467344;"Bug fix about fogotten pipe.multi() and key name of hincrby (funds)
"
post;coryshain_cdr;3361baff340c58757a8838d67d18a97805cb0677;Yoshiya <myon53@gmail.com>;1392468254;"Merge 703ed40d26dfd2b62f69cd990994c7fc9f1dff62 into 31fed8b4570268bf0e3229bff2eec7126edcb2f7
"
post;coryshain_cdr;64aab6a276e1f188c0538e757546a4f7312ba63a;Josiah Carlson <josiah.carlson@gmail.com>;1392577215;"Fix for bad code listing.
"
post;coryshain_cdr;12bf83ad42d80657649b8ff1d67a07a8db8536b0;Josiah Carlson <josiah.carlson@gmail.com>;1392577543;"Fix for bad argument name
"
post;coryshain_cdr;4729d5c1c6c20794802ca24b40d904642124ac95;Josiah Carlson <josiah.carlson@gmail.com>;1392577658;"Really fix bad argument name.
"
post;coryshain_cdr;05b81842bf9256d4137272ce83ba1d2f64efee99;Paul Ullrich <paullrich@ucdavis.edu>;1394210419;"Initial commit
"
post;coryshain_cdr;9b417a88d49a9a1d6d84d8a95fb3ae65f242681f;Paul Ullrich <paullrich@ucdavis.edu>;1394264546;"Initial revision
"
post;coryshain_cdr;9a926146a4bef75467c2a7232f09818bf1416f61;Paul Ullrich <paullrich@ucdavis.edu>;1394640595;"- Added functionality for computing the intersections between two arcs
"
post;coryshain_cdr;e2b28bbb6e5e716aeb94db67e2f2aa258d060223;Paul Ullrich <paullrich@ucdavis.edu>;1394758932;"- Improved functionality to deal with coincident edges
"
post;coryshain_cdr;12f29463d5f46186a988c9a79de2fbdc391631d1;Paul Ullrich <paullrich@ucdavis.edu>;1394828897;"- Further development on building the overlap mesh
"
pre;pangeo-forge_pangeo-forge;11f84993a8301ea895290243ac7e844e1ebe8fed;Joseph Hamman <jhamman@ucar.edu>;1595879195;"rename ci files
"
pre;pangeo-forge_pangeo-forge;4f5f60c99548b7070022a17a97aa816d3b531541;Joseph Hamman <jhamman@ucar.edu>;1595879520;"cleanup
"
pre;pangeo-forge_pangeo-forge;994dbabe6085c8159f7efa8d400f8c0f7a256605;Joe Hamman <jhamman@ucar.edu>;1595879887;"Merge pull request #7 from pangeo-forge/test/with-conda

use conda to install test deps"
pre;pangeo-forge_pangeo-forge;92e87d6adab50b87ae8f81f6c620a869840c743c;Ryan Abernathey <ryan.abernathey@gmail.com>;1595880514;"merged
"
pre;pangeo-forge_pangeo-forge;4d7719a2efa3ef3245bd9807a3282e05bab47314;Ryan Abernathey <ryan.abernathey@gmail.com>;1595881591;"add prefect to CI env
"
pre;pangeo-forge_pangeo-forge;71f3a89cfc5af956c7355960dda0f16c123043b3;Ryan Abernathey <ryan.abernathey@gmail.com>;1595881620;"remove netcdf from requirements.txt
"
pre;pangeo-forge_pangeo-forge;9872e86f2f7477fb93fd16b3495981d66e7f5e72;Joe Hamman <jhamman@ucar.edu>;1595887516;"Merge pull request #5 from rabernat/improve-tests

Add a first pipeline test"
pre;pangeo-forge_pangeo-forge;09c0718ed2d1c6aedb639906bfb97a31516b202a;Joseph Hamman <jhamman@ucar.edu>;1595999588;"refactor pipelines and tasks to use functions defined outside the pipeline, introduce pipelines and tasks directories
"
pre;pangeo-forge_pangeo-forge;3f7bc9b39f48f6010d9eea548a28c1d58fa63ce6;Joseph Hamman <jhamman@ucar.edu>;1596000229;"lint
"
pre;pangeo-forge_pangeo-forge;d49277cf482cfefcf493b7be3a19e109604a8152;Joe Hamman <jhamman@ucar.edu>;1596640133;"Merge pull request #8 from jhamman/task_functions

refactor pipelines and tasks to use functions defined outside the pipeline"
post;pangeo-forge_pangeo-forge;cdea80018f0f98cae33c244ce112b7df1c479f8f;Tom Augspurger <tom.w.augspurger@gmail.com>;1602640068;"Refactor storage, environment, CLI

This is a batch of changes with the goal of simplifying recipe writing.

* Handle flow environment and storage outside of the recipe files.
* Moved to `GitHub` storage. Flows are now stored as files and loaded
  into the environment.
* Moved `Environment` to the base pipeline

See https://github.com/TomAugspurger/example-pipeline/blob/main/recipe/pipeline.py
for an example pipeline run with this setup. The primary change is the
*requirement* that the top-level of the module contains a `Flow`
instance named `flow`.

Additionally, the `pangeo-forge` CLI is updated to enable running flows
with the new structure. The CLI handles

1. Linting recipe pipelines.
2. Attaching Prefect environments and Storage to `Flow`s.
3. Registering flows with prefect.
"
post;pangeo-forge_pangeo-forge;d4703f8ad51ccf1c73f8a12bf95a1862eca49e89;Tom Augspurger <tom.w.augspurger@gmail.com>;1602686885;"http extras
"
post;pangeo-forge_pangeo-forge;4ab52bdddb691c31468766088c367bfe01c018a7;Tom Augspurger <tom.w.augspurger@gmail.com>;1602686940;"check -> lint
"
post;pangeo-forge_pangeo-forge;a629eeca8a168bbf64a7f1935350edee01a1db8d;Tom Augspurger <tom.w.augspurger@gmail.com>;1602688471;"fixup
"
post;pangeo-forge_pangeo-forge;df292dce885a07ccfd93d0d7ce1f3c812425a8d5;Tom Augspurger <tom.w.augspurger@gmail.com>;1602724584;"fixups
"
post;pangeo-forge_pangeo-forge;1cb3dabc7c982d4d7b158a9eb303b4ddfd7ccea6;Tom Augspurger <tom.w.augspurger@gmail.com>;1602726491;"set environment
"
post;pangeo-forge_pangeo-forge;540f6160099f049a379d4f5db7f80a9ab2765486;Tom Augspurger <tom.w.augspurger@gmail.com>;1602781789;"Update image
"
post;pangeo-forge_pangeo-forge;7f81f2c5224d7ce80587adfab3a6b2cb60379c35;Tom Augspurger <tom.w.augspurger@gmail.com>;1602786548;"fixup
"
post;pangeo-forge_pangeo-forge;261dc10af406168ef8660dc9e28a75eed47fcde7;Tom Augspurger <tom.w.augspurger@gmail.com>;1602787825;"install deps
"
post;pangeo-forge_pangeo-forge;e81b8531017b5961dd116f869b78114f2b51120e;Tom Augspurger <tom.w.augspurger@gmail.com>;1602788410;"clenaups
"
pre;climateglobalchange_tempestremap;1233a61ac46b81fb70fb7b70a60a740a46ccf7b5;Paul Ullrich <paullrich@ucdavis.edu>;1707455978;"Remove overlap mesh requirement for bilin and delaunay methods
"
pre;climateglobalchange_tempestremap;bf9e4de4894067bb7120c5601d72a64cf0d06d18;Paul Ullrich <paullrich@ucdavis.edu>;1707456047;"Merge 1233a61ac46b81fb70fb7b70a60a740a46ccf7b5 into 6f1b7839a919482606caee6ca5ffb114f2241e29
"
pre;climateglobalchange_tempestremap;35f627c7a0839f248db53c87a358e2e5792cf643;Vijay Mahadevan <vijay.m@gmail.com>;1707772306;"Add configuration for Perlmutter system
"
pre;climateglobalchange_tempestremap;1b5f5a3c017d04be7ef07ad7aff6db2e197b612c;Vijay Mahadevan <vijay.m@gmail.com>;1708461441;"Update configuration files for building on Perlmutter-Intel
"
pre;climateglobalchange_tempestremap;307ed9ce1442f355957956da253778730b5639fb;Paul Ullrich <paullrich@ucdavis.edu>;1708537684;"Add ""accum"" map option to GenerateOfflineMap
"
pre;climateglobalchange_tempestremap;b49649ca0e1283bdbace1b339d9d72c3a996a173;Paul Ullrich <paullrich@ucdavis.edu>;1708541849;"Add implementation of AccumulationNN map
"
pre;climateglobalchange_tempestremap;428f4d72d13d63a510e9ac734d2685d276f924ca;Vijay Mahadevan <vijay.m@gmail.com>;1711254698;"Ensure that BLAS configuration picks up Intel math library first
"
pre;climateglobalchange_tempestremap;c7542aa531dc5970815f3a9dc32c38d73e4c0b64;Vijay M <vijay.m@gmail.com>;1711297802;"Merge 428f4d72d13d63a510e9ac734d2685d276f924ca into 6f1b7839a919482606caee6ca5ffb114f2241e29
"
pre;climateglobalchange_tempestremap;abb830dc8bf8a1d092496fd4533bf12e651bb210;Vijay Mahadevan <vijay.m@gmail.com>;1715113541;"Add a simple alternative to figure out Fortran name mangling necessary for BLAS/LAPACK; by default, use lowercase_, but user can replace it with --with-fc-mangling='F_' to use uppercase_ etc.
"
pre;climateglobalchange_tempestremap;3bc3fb0a4f8ef60579dcdcd6cae4968101c73e89;Vijay M <vijay.m@gmail.com>;1715114595;"Update conda_ubuntu_osx.yml

Fixing github workflow configuration"
post;climateglobalchange_tempestremap;3d340b740154f177356494ae99d88e719e2ce41b;Iulian Grindeanu <iulian@mcs.anl.gov>;1739297287;"change the convexity check

0. is too strict for MOAB
until we fix intersection, we need this workaround

ne120 meshes do not work
"
post;climateglobalchange_tempestremap;27c1d9e3cdb63aede4cc177bcb524ea7514e575d;Paul Ullrich <paullrich@ucdavis.edu>;1742874259;"Add rectilinear grid information in GenerateRectilinearMeshFromFile
"
post;climateglobalchange_tempestremap;23816796d9202500fd1461d9bca9599c8498891f;Hongyu Chen <hongyuchen1030@gmail.com>;1744245655;"Add perlmutter.make
"
post;climateglobalchange_tempestremap;fab8144744299610b6ae26043da6960c3f0de74b;Hongyu Chen <hongyuchen1030@gmail.com>;1744246103;"update make file
"
post;climateglobalchange_tempestremap;d3732dd39fe794babfd73b4b97882e2ef339701d;Hongyu Chen <hongyuchen1030@gmail.com>;1744246204;"Remove generate_meshes.sh from version control
"
post;climateglobalchange_tempestremap;aa66ee96bb09a8b5be4babf73f1d765cea0306d4;Vijay M <vijay.m@gmail.com>;1744246397;"Updates to build cleanly on NERSC:Perlmutter (#123)

* Add configuration for Perlmutter system

* Update configuration files for building on Perlmutter-Intel

* Ensure that BLAS configuration picks up Intel math library first

* Add a simple alternative to figure out Fortran name mangling necessary for BLAS/LAPACK; by default, use lowercase_, but user can replace it with --with-fc-mangling='F_' to use uppercase_ etc.

* Update conda_ubuntu_osx.yml

Fixing github workflow configuration"
post;climateglobalchange_tempestremap;3030c2a890ecd6cdab7f2c6f477b64da2a7dc978;Hongyu Chen <hyvchen@ucdavis.edu>;1744247930;Merge branch 'master' into Optimized_Build
post;climateglobalchange_tempestremap;fc036cfebaf2d1d7cad25a2bf2f0dcf347692eef;Hongyu Chen <hyvchen@ucdavis.edu>;1744250929;"Add perlmutter.make (#126)

* Add perlmutter.make

* update make file

* Remove generate_meshes.sh from version control

---------

Co-authored-by: Hongyu Chen <hongyuchen1030@gmail.com>"
post;climateglobalchange_tempestremap;4cbd6a28b9383f5ab27f7ffb65dfdc3b7e506b12;Paul Ullrich <paullrich@ucdavis.edu>;1745329865;"Merge 1233a61ac46b81fb70fb7b70a60a740a46ccf7b5 into fc036cfebaf2d1d7cad25a2bf2f0dcf347692eef
"
post;climateglobalchange_tempestremap;3e8c6e36c85acb73d4111ce6988bda293df4e081;Paul Ullrich <paullrich@ucdavis.edu>;1746231026;"Merge 651646883b9f4cc05ed413daa5b57ee9b7c11209 into fc036cfebaf2d1d7cad25a2bf2f0dcf347692eef
"
pre;miguelinux314_experiment-notebook;c6aa91203522b73197e6c4021d38ff0182507fd0;Miguel Hernández-Cabronero <miguel.hernandez@uab.cat>;1654777391;"Updated CHANGELOG
"
pre;miguelinux314_experiment-notebook;4a625ebc9d50110d4d5d2fa2828130b7e38a5fda;Miguel Hernández-Cabronero <miguel.hernandez@uab.cat>;1655128376;"Fixed zstd type checking routine
"
pre;miguelinux314_experiment-notebook;37df2b87f6c483922aed09e258d9cd61bf3af851;Miguel Hernández-Cabronero <miguel.hernandez@uab.cat>;1655128376;"Fixed zstd type checking routine


Former-commit-id: 4a625ebc9d50110d4d5d2fa2828130b7e38a5fda"
pre;miguelinux314_experiment-notebook;eabdd59042df0617c1565548aa714c9866501b96;omaireles <oscar.maireles@uab.cat>;1655189402;"file updated
"
pre;miguelinux314_experiment-notebook;620df705ab7a9239b702acdb7071b8efed253336;omaireles <oscar.maireles@uab.cat>;1655221871;"files updated
"
pre;miguelinux314_experiment-notebook;60baa1be4c3d33256c21cbfa0a6caf480c301106;omaireles <oscar.maireles@uab.cat>;1655222163;"files updated
"
pre;miguelinux314_experiment-notebook;26c5e06b3aa60d9602b14c67f987a82ff481ad55;Miguel Hernández-Cabronero <miguel.hernandez@uab.cat>;1655224846;"Merged PR#51


Former-commit-id: 5ede76b45cecbfbc07f633a9722fe20f92c5a416"
pre;miguelinux314_experiment-notebook;5ede76b45cecbfbc07f633a9722fe20f92c5a416;Miguel Hernández-Cabronero <miguel.hernandez@uab.cat>;1655224846;"Merged PR#51
"
pre;miguelinux314_experiment-notebook;683599e95c50a1c14c51f3a52847ba0fb8705c76;Miguel Hernández-Cabronero <miguel.hernandez@uab.cat>;1655391216;"Fixed the plotdata module so that figure heights smaller than 3 can be specified
"
pre;miguelinux314_experiment-notebook;8f7b67ec3a0e3bdc1840f7279ed5977c8f7fcea1;Miguel Hernández-Cabronero <miguel.hernandez@uab.cat>;1655391216;"Fixed the plotdata module so that figure heights smaller than 3 can be specified


Former-commit-id: 683599e95c50a1c14c51f3a52847ba0fb8705c76"
post;miguelinux314_experiment-notebook;4b3906d3648cc6784c1c30302981fc380538b93a;Miguel Hernández-Cabronero <miguel.hernandez@uab.cat>;1663443001;"The unrecognized argument message is only shown when some verbosity is requested
"
post;miguelinux314_experiment-notebook;da6f171278032d247d7a583f2c141167cac8bcf3;Miguel Hernández-Cabronero <miguel.hernandez@uab.cat>;1663443001;"The unrecognized argument message is only shown when some verbosity is requested


Former-commit-id: 4b3906d3648cc6784c1c30302981fc380538b93a"
post;miguelinux314_experiment-notebook;49edbcde518abc9b2dfeb566db2689dfb1385f3a;Miguel Hernández-Cabronero <miguel.hernandez@uab.cat>;1663583420;"Added the num_threads parameter to init to Kakadu MCT


Former-commit-id: 33df244a204435ba193a577ef2e6942fc0f2da44"
post;miguelinux314_experiment-notebook;33df244a204435ba193a577ef2e6942fc0f2da44;Miguel Hernández-Cabronero <miguel.hernandez@uab.cat>;1663583420;"Added the num_threads parameter to init to Kakadu MCT
"
post;miguelinux314_experiment-notebook;67da2ef3840099cd066568b2b487bea771c4ae46;Miguel Hernández-Cabronero <miguel.hernandez@uab.cat>;1663587529;"Added the --report_wall_time flag to the CLI and enb.config.options.report_wall_time so that wall clock times can be reported by default instead of the CPU time (this is more accurate when individual tasks/codecs employ more than one CPU)
"
post;miguelinux314_experiment-notebook;0d39ac2afef9f11e88ffc4b5e2749d4237db39ae;Miguel Hernández-Cabronero <miguel.hernandez@uab.cat>;1663587529;"Added the --report_wall_time flag to the CLI and enb.config.options.report_wall_time so that wall clock times can be reported by default instead of the CPU time (this is more accurate when individual tasks/codecs employ more than one CPU)


Former-commit-id: 67da2ef3840099cd066568b2b487bea771c4ae46"
post;miguelinux314_experiment-notebook;53e336533187894e1f3f6f9766f914a3cbd6c048;Miguel Hernández-Cabronero <miguel.hernandez@uab.cat>;1663588425;"Added a warning message to kakadu in case CPU process time is used with multiple threads


Former-commit-id: 5194108e7e5a302fc1f3a9db74edbbe4577c91c2"
post;miguelinux314_experiment-notebook;5194108e7e5a302fc1f3a9db74edbbe4577c91c2;Miguel Hernández-Cabronero <miguel.hernandez@uab.cat>;1663588425;"Added a warning message to kakadu in case CPU process time is used with multiple threads
"
post;miguelinux314_experiment-notebook;594b91fff6b0959bc17ef84b3b20e1ee997692ca;Miguel Hernández-Cabronero <miguel.hernandez@uab.cat>;1663589443;"Updated CHANGELOG
"
post;miguelinux314_experiment-notebook;660216b01ec7a8e16c942d2134c52f0119587652;Miguel Hernández-Cabronero <miguel.hernandez@uab.cat>;1663589443;"Updated CHANGELOG


Former-commit-id: 594b91fff6b0959bc17ef84b3b20e1ee997692ca"
pre;sjmoran_deeplpf;8eac04f6ed1683a489f2dfdf7a248dd86c33fac4;Sean Moran <sean.j.mor.an@gmail.com>;1634215136;"Merge branch 'master' of https://github.com/sjmoran/DeepLPF
"
pre;sjmoran_deeplpf;c01df01fe6d5ead16c57b69d3d4526505d82658c;Sean <sean.j.moran@gmail.com>;1634226435;Update README.md
pre;sjmoran_deeplpf;7d293139632c8e37fd4615699c6707e5ca17fdbe;Sean Moran <sean.j.mor.an@gmail.com>;1634226817;"Added exit() statement
"
pre;sjmoran_deeplpf;1739458a9340a4aef47ee750e7251fe256a64f0f;Sean <sean.j.moran@gmail.com>;1634227062;Update requirements.txt
pre;sjmoran_deeplpf;94292a38c216669785bb5b40f4ba1541729cd62e;Sean Moran <sean.j.mor.an@gmail.com>;1634288618;"Added assertion statements for batch size
"
pre;sjmoran_deeplpf;cca80a6185b9a01be1a2ee2e5b36100bf824ead4;Sean Moran <sean.j.mor.an@gmail.com>;1634288821;"Merge branch 'master' of https://github.com/sjmoran/DeepLPF
"
pre;sjmoran_deeplpf;9551718d6e3568ed9f91611907a3a992bc882eaf;Sean Moran <sean.j.mor.an@gmail.com>;1634289019;"Added asserts for batch size
"
pre;sjmoran_deeplpf;eaea4154889d3ac94f727911bea448c717d183ad;Sean <sean.j.moran@gmail.com>;1635424914;Update README.md
pre;sjmoran_deeplpf;af3052f3a1db7c12a726f976379de272e90ea601;dependabot[bot] <49699333+dependabot[bot]@users.noreply.github.com>;1655871385;"Bump numpy from 1.19.2 to 1.22.0

Bumps [numpy](https://github.com/numpy/numpy) from 1.19.2 to 1.22.0.
- [Release notes](https://github.com/numpy/numpy/releases)
- [Changelog](https://github.com/numpy/numpy/blob/main/doc/HOWTO_RELEASE.rst)
- [Commits](https://github.com/numpy/numpy/compare/v1.19.2...v1.22.0)

---
updated-dependencies:
- dependency-name: numpy
  dependency-type: direct:production
...

Signed-off-by: dependabot[bot] <support@github.com>"
pre;sjmoran_deeplpf;7fd269eaaae6b50025ffe32dd3b9a1e7bf579efc;Sean <sean.j.moran@gmail.com>;1656521341;"Merge pull request #18 from sjmoran/dependabot/pip/numpy-1.22.0

Bump numpy from 1.19.2 to 1.22.0"
post;sjmoran_deeplpf;bb6fd7bd5e74178e78ae1a536eac8ebc63746e64;dependabot[bot] <49699333+dependabot[bot]@users.noreply.github.com>;1688681785;"Bump scipy from 1.5.2 to 1.10.0

Bumps [scipy](https://github.com/scipy/scipy) from 1.5.2 to 1.10.0.
- [Release notes](https://github.com/scipy/scipy/releases)
- [Commits](https://github.com/scipy/scipy/compare/v1.5.2...v1.10.0)

---
updated-dependencies:
- dependency-name: scipy
  dependency-type: direct:production
...

Signed-off-by: dependabot[bot] <support@github.com>"
post;sjmoran_deeplpf;22dbdf8162f7a1385871c5759fbbe0609948ba7d;Sean <sean.j.moran@gmail.com>;1706624514;"Merge pull request #22 from sjmoran/dependabot/pip/scipy-1.10.0

Bump scipy from 1.5.2 to 1.10.0"
post;sjmoran_deeplpf;4c15e61670761a821ff4e549e9e01e4d1e4a28d4;dependabot[bot] <49699333+dependabot[bot]@users.noreply.github.com>;1706624563;"Bump torch from 1.7.1 to 1.13.1

Bumps [torch](https://github.com/pytorch/pytorch) from 1.7.1 to 1.13.1.
- [Release notes](https://github.com/pytorch/pytorch/releases)
- [Changelog](https://github.com/pytorch/pytorch/blob/main/RELEASE.md)
- [Commits](https://github.com/pytorch/pytorch/compare/v1.7.1...v1.13.1)

---
updated-dependencies:
- dependency-name: torch
  dependency-type: direct:production
...

Signed-off-by: dependabot[bot] <support@github.com>"
post;sjmoran_deeplpf;cabedb31d1f39dbcc62a8c980794128207ad6605;dependabot[bot] <49699333+dependabot[bot]@users.noreply.github.com>;1706624565;"Merge 4c15e61670761a821ff4e549e9e01e4d1e4a28d4 into 22dbdf8162f7a1385871c5759fbbe0609948ba7d
"
pre;josiahcarlson_redis-in-action;31230daa83215909c0ae9ae60e2849abd8cc8ae5;Josiah Carlson <josiah.carlson@gmail.com>;1536732194;"Merge pull request #50 from JianmingXia/master

add chapter 01, 02, 04  example code, and chapter 05 part"
pre;josiahcarlson_redis-in-action;885eaa9b4e6b76beffacee62148ba329eee4b9c0;Josiah Carlson <josiah.carlson@gmail.com>;1536732410;"Update README.zh.md

Added note on token cookies"
pre;josiahcarlson_redis-in-action;2a73cd162074e216ed70aa129bf84c54fb965af1;Josiah Carlson <josiah.carlson@gmail.com>;1536732581;"Update Gemfile.lock

Fix sub-dependency vulnerability."
pre;josiahcarlson_redis-in-action;3aa156e1a33d709801d23095b8723857e5bad212;Tomoya Ishizaki <zaq1tomo@gmail.com>;1538294452;"Fix typo

shoppping -> shopping"
pre;josiahcarlson_redis-in-action;c3b8ba4a708b9de6f4f96f04dc53536f0488de27;Tomoya Ishizaki <zaq1tomo@gmail.com>;1538300898;"Fix incorrect return values

https://redis.io/commands/srem

```
Return value
Integer reply: the number of members that were removed from the set, not including non existing members.
```"
pre;josiahcarlson_redis-in-action;7e3d8403f0464adce6745a990e1afe2b98711fe9;Tomoya Ishizaki <zaq1tomo@gmail.com>;1538301838;Fix incorrect return value
pre;josiahcarlson_redis-in-action;c795c25922e0cea30ba3a80a5ad1bc81ad67872c;Josiah Carlson <josiah.carlson@gmail.com>;1538417180;"Merge pull request #53 from zaq1tomo/master

Fix typo"
pre;josiahcarlson_redis-in-action;2b1b9447806c639a3c48a9020a66a5b9add96a96;Tomoya Ishizaki <zaq1tomo@gmail.com>;1538417194;"Merge 7e3d8403f0464adce6745a990e1afe2b98711fe9 into c795c25922e0cea30ba3a80a5ad1bc81ad67872c
"
pre;josiahcarlson_redis-in-action;3e4b89ad793c7dcb6ba3b8a073eb3851a953f81d;dongyu Guo <33903407+letcafe@users.noreply.github.com>;1544166803;"consider the existing key to be null situation

Code in 《Redis in Action》 chapter 5 example 5-6 has such problem:
if this is the first time to start update_stats(...) function,it can not be able to initialize the 'start_key' which equals ""destination+':start'“,because the code ""if existing and existing < hour_start"" has not think the situation that ""existing"" key can be null at the very beginning,while no place initialize existing_key."
pre;josiahcarlson_redis-in-action;87d7df1487c1892926abd16de5d428b8b89b1afa;dongyu Guo <33903407+letcafe@users.noreply.github.com>;1544167985;"Merge 3e4b89ad793c7dcb6ba3b8a073eb3851a953f81d into c795c25922e0cea30ba3a80a5ad1bc81ad67872c
"
post;josiahcarlson_redis-in-action;231d43a176fa3ab8e1a521df5a4fd120cbf88cec;Sam Lu <samluthebrave@gmail.com>;1567510965;"Fix offset update of function `process_logs` in ch04
"
post;josiahcarlson_redis-in-action;7bb1fcb847e83793ef79b6ae5c25ec68675f6084;dependabot[bot] <49699333+dependabot[bot]@users.noreply.github.com>;1568478911;"Bump js-yaml from 3.12.0 to 3.13.1 in /node/node-async

Bumps [js-yaml](https://github.com/nodeca/js-yaml) from 3.12.0 to 3.13.1.
- [Release notes](https://github.com/nodeca/js-yaml/releases)
- [Changelog](https://github.com/nodeca/js-yaml/blob/master/CHANGELOG.md)
- [Commits](https://github.com/nodeca/js-yaml/compare/3.12.0...3.13.1)

Signed-off-by: dependabot[bot] <support@github.com>"
post;josiahcarlson_redis-in-action;4a64d805df87751fec7c6910bf00641de36c073e;dependabot[bot] <49699333+dependabot[bot]@users.noreply.github.com>;1568478912;"Bump eslint-utils from 1.3.1 to 1.4.2 in /node/node-async

Bumps [eslint-utils](https://github.com/mysticatea/eslint-utils) from 1.3.1 to 1.4.2.
- [Release notes](https://github.com/mysticatea/eslint-utils/releases)
- [Commits](https://github.com/mysticatea/eslint-utils/compare/v1.3.1...v1.4.2)

Signed-off-by: dependabot[bot] <support@github.com>"
post;josiahcarlson_redis-in-action;91acb217f01f845db9fd48b1fc10e85d52114a52;dependabot[bot] <49699333+dependabot[bot]@users.noreply.github.com>;1568478915;"Bump lodash from 4.17.10 to 4.17.15 in /node/node-async

Bumps [lodash](https://github.com/lodash/lodash) from 4.17.10 to 4.17.15.
- [Release notes](https://github.com/lodash/lodash/releases)
- [Commits](https://github.com/lodash/lodash/compare/4.17.10...4.17.15)

Signed-off-by: dependabot[bot] <support@github.com>"
post;josiahcarlson_redis-in-action;170123f5379d4d144ad1cd7f5c9b2a13da8d01f9;Josiah Carlson <josiah.carlson@gmail.com>;1568479157;"Merge pull request #59 from samluthebrave/master

Fix offset update of function `process_logs` in ch04"
post;josiahcarlson_redis-in-action;d7acf0017278a100c1cb3c19ed382df3c2ea5bdf;Josiah Carlson <josiah.carlson@gmail.com>;1568479205;"Merge pull request #62 from josiahcarlson/dependabot/npm_and_yarn/node/node-async/lodash-4.17.15

Bump lodash from 4.17.10 to 4.17.15 in /node/node-async"
post;josiahcarlson_redis-in-action;eba5e49302ee242919c3f63dfac012ae4c50bfaa;Josiah Carlson <josiah.carlson@gmail.com>;1568479219;"Merge pull request #61 from josiahcarlson/dependabot/npm_and_yarn/node/node-async/eslint-utils-1.4.2

Bump eslint-utils from 1.3.1 to 1.4.2 in /node/node-async"
post;josiahcarlson_redis-in-action;d55ff09f2610bec769191ab90d551947593ad389;Josiah Carlson <josiah.carlson@gmail.com>;1568479232;"Merge pull request #60 from josiahcarlson/dependabot/npm_and_yarn/node/node-async/js-yaml-3.13.1

Bump js-yaml from 3.12.0 to 3.13.1 in /node/node-async"
post;josiahcarlson_redis-in-action;e59a20e5bea815535178da42385e4f1e755ef492;Josiah Carlson <josiah.carlson@gmail.com>;1568479443;"Merge pull request #56 from letcafe/master

consider the existing key to be null situation"
post;josiahcarlson_redis-in-action;b2f682adbf2041946c5c151ac4a77bd1abba8b57;Josiah Carlson <josiah.carlson@gmail.com>;1568479893;"Updates errata
"
pre;lvrcek_gnnome-assembly;bef7bae41b0088546e879326d82ee33b8c002d2a;Lovro Vrček <vrcek.lovro@gmail.com>;1653535328;Update README.md
pre;lvrcek_gnnome-assembly;5bf8bf76a205bccb1abb46c4c6aace0844fc3cca;Lovro Vrček <vrcek.lovro@gmail.com>;1653548768;Update README.md
pre;lvrcek_gnnome-assembly;2cec7519663337064a7e033d0b9a327159757203;Lovro Vrcek <vrcek.lovro@gmail.com>;1653549208;"Remove old code
"
pre;lvrcek_gnnome-assembly;ebf2552e11b5f032d5abc330ee26e4d36704e3fc;Lovro Vrcek <vrcek.lovro@gmail.com>;1653554752;"Adding pretrained models and reproduce.py script
"
pre;lvrcek_gnnome-assembly;6b94b3c5fd613dfc32a51550cf236be116bba60b;Lovro Vrček <vrcek.lovro@gmail.com>;1653556728;Update README.md
pre;lvrcek_gnnome-assembly;94aefe8080f3c24f4064b97c50f8fff0e5e31760;Lovro Vrček <vrcek.lovro@gmail.com>;1653556813;"Merge pull request #8 from lvrcek/stable

Update README.md"
pre;lvrcek_gnnome-assembly;d197cd1b634ee75b9a1098a5bb5356cff7dd32ca;Lovro Vrček <vrcek.lovro@gmail.com>;1653909113;Update README.md
pre;lvrcek_gnnome-assembly;eb44fbc37e04e07d529426f64a2f3f0e3f9528ba;Lovro Vrček <vrcek.lovro@gmail.com>;1653961487;Update README.md
pre;lvrcek_gnnome-assembly;32fd5aef3184df3d53337c03fc504f6e8e1e1c5b;Lovro Vrček <vrcek.lovro@gmail.com>;1654219004;Update README.md
pre;lvrcek_gnnome-assembly;d1adf825104b5e64e43d72db20101f556338824c;Lovro Vrček <vrcek.lovro@gmail.com>;1654574365;Update README.md
post;lvrcek_gnnome-assembly;d8e4a53b50b0feb8a1d5858ea201f88e68e87c7d;Lovro Vrcek <vrcek.lovro@gmail.com>;1731847511;"Update README
"
post;lvrcek_gnnome-assembly;102a61d6116164d1ba4a7881af475b09412f1e31;Lovro Vrcek <vrcek.lovro@gmail.com>;1731847672;"Update README
"
pre;rllab-snu_unsupervised-3d-reconstruction;506bac7ae0c07ef1e532ce58f380169faadd635f;jjanixe <janice.jeong9902@gmail.com>;1650589200;"added file via upload
"
pre;rllab-snu_unsupervised-3d-reconstruction;75868692c093a8b3282034eaa832501980542ac4;jjanixe <janice.jeong9902@gmail.com>;1650762000;"removed files
"
pre;rllab-snu_unsupervised-3d-reconstruction;53b56d524bf7313e0056c7093aeef57d2dca01b6;jjanixe <janice.jeong9902@gmail.com>;1651107600;"added file via upload
"
pre;rllab-snu_unsupervised-3d-reconstruction;96c03625915ef740ff8b4c5f0047aa21b444c50a;jjanixe <janice.jeong9902@gmail.com>;1652576400;"removed files
"
pre;rllab-snu_unsupervised-3d-reconstruction;b78ba681cc219c7408c2f5c66e5f97ac0565ca18;jjanixe <janice.jeong9902@gmail.com>;1652662800;"added file via upload
"
pre;rllab-snu_unsupervised-3d-reconstruction;e300f6286ffa35e8dbec34e647756fae6758fe2a;jjanixe <janice.jeong9902@gmail.com>;1653872400;"removed files
"
pre;rllab-snu_unsupervised-3d-reconstruction;71840fea9ed530041bc5e7e140687ea0ba1dc307;jjanixe <janice.jeong9902@gmail.com>;1654045200;"added file via upload
"
pre;rllab-snu_unsupervised-3d-reconstruction;1639d8a28af88841b23bf9ac8e58ad62788b4a08;jjanixe <janice.jeong9902@gmail.com>;1654218000;"removed files
"
pre;rllab-snu_unsupervised-3d-reconstruction;7d64f434940bcb11a785b7ed4acf22cade2fdc93;jjanixe <janice.jeong9902@gmail.com>;1654390800;"added file via upload
"
pre;rllab-snu_unsupervised-3d-reconstruction;17c1fab68765998b10efa833f6e556d7e25a78f9;jjanixe <janice.jeong9902@gmail.com>;1655341200;"removed files
"
post;rllab-snu_unsupervised-3d-reconstruction;00eb3ce40a62aeb37c49c1068d87a71da3d3fc9a;rllab-snu <admin@rllab.snu.ac.kr>;1674824503;"repo updated
"
post;rllab-snu_unsupervised-3d-reconstruction;9ed13f3084073b0f9c244c93074ba1014e46f4da;rllab-snu <admin@rllab.snu.ac.kr>;1676034103;"test
"
post;rllab-snu_unsupervised-3d-reconstruction;b9b5abb72ba27148286676b1072e694416fc086a;rllab-snu <admin@rllab.snu.ac.kr>;1676984503;"repo updated
"
post;rllab-snu_unsupervised-3d-reconstruction;b3e1899a09103777d6e54a1dda97ada006c23efc;rllab-snu <admin@rllab.snu.ac.kr>;1678194103;"test
"
post;rllab-snu_unsupervised-3d-reconstruction;59a7df5e26a0fb6c2ad525ec936ba6583438080e;rllab-snu <admin@rllab.snu.ac.kr>;1679144503;"repo updated
"
post;rllab-snu_unsupervised-3d-reconstruction;93cad91ab427adb2e89ab9d8e1eb1bae448f778b;rllab-snu <admin@rllab.snu.ac.kr>;1680354103;"test
"
post;rllab-snu_unsupervised-3d-reconstruction;1dfff096b175251df7e96d48c148a77f93b4b4b3;rllab-snu <admin@rllab.snu.ac.kr>;1681304503;"repo updated
"
post;rllab-snu_unsupervised-3d-reconstruction;5708464f1d0f42a51fa4a44eaa256a0ff595ce06;rllab-snu <admin@rllab.snu.ac.kr>;1682514103;"test
"
post;rllab-snu_unsupervised-3d-reconstruction;66aff62699a00b1f9fa3748659c41341c2b4708f;rllab-snu <admin@rllab.snu.ac.kr>;1683464503;"repo updated
"
post;rllab-snu_unsupervised-3d-reconstruction;f31f51813625ab5f67e74fda5a8e79f1dc5952a3;rllab-snu <admin@rllab.snu.ac.kr>;1684674103;"test
"
