Month;#Commits
2014-12;10
2015-01;1
2015-02;0
2015-03;3
2015-04;4
2015-05;1
2015-06;16
2015-07;4
2015-08;35
2015-09;8
2015-10;12
2015-11;1
2015-12;4
2016-01;8
2016-02;0
2016-03;8
2016-04;3
2016-05;10
2016-06;3
2016-07;1
2016-08;1
2016-09;5
2016-10;0
2016-11;2
2016-12;1
2017-01;3
2017-02;15
2017-03;0
2017-04;0
2017-05;4
2017-06;1
2017-07;0
2017-08;4
2017-09;2
2017-10;0
2017-11;4
2017-12;2
2018-01;10
2018-02;6
2018-03;0
2018-04;1
2018-05;0
2018-06;1
2018-07;5
2018-08;1
2018-09;0
2018-10;0
2018-11;1
2018-12;0
2019-01;0
2019-02;0
2019-03;0
2019-04;0
2019-05;5
2019-06;1
2019-07;1
2019-08;4
2019-09;2
2019-10;14
2019-11;2
2019-12;5
2020-01;3
2020-02;5
2020-03;5
2020-04;5
2020-05;4
2020-06;2
2020-07;1
2020-08;24
2020-09;2
2020-10;0
2020-11;0
2020-12;0
2021-01;2
2021-02;7
2021-03;1
2021-04;0
2021-05;0
2021-06;6
2021-07;1
2021-08;0
2021-09;0
2021-10;0
2021-11;0
2021-12;0
2022-01;0
2022-02;2
2022-03;4
2022-04;2
2022-05;0
2022-06;0
2022-07;0
2022-08;0
2022-09;0
2022-10;0
2022-11;0
2022-12;0
2023-01;1
2023-02;0
2023-03;0
2023-04;0
2023-05;0
2023-06;0
2023-07;3
2023-08;0
2023-09;0
2023-10;0
2023-11;0
2023-12;0
2024-01;0
2024-02;0
2024-03;0
2024-04;0
2024-05;0
2024-06;0
2024-07;0
2024-08;0
2024-09;0
2024-10;9
2024-11;0
2024-12;0
2025-01;1
2025-02;0
2025-03;0
2025-04;0
2025-05;0
2025-06;0
2025-07;5
2025-08;1
